Model,Adversary,N,Improvement,Start,Best
ResNet,Vanilla,10,0.0,99.08,99.08
ResNet,Vanilla,1,0.64,99.06,99.7
ResNet,Vanilla,2,0.61,99.06,99.66000000000001
ResNet,Vanilla,3,0.53,99.07000000000001,99.6
ResNet,Vanilla,4,0.45,99.06,99.51
ResNet,Vanilla,5,0.35,99.06,99.41
ResNet,Vanilla,6,0.24,99.07000000000001,99.3
ResNet,Vanilla,7,0.12,99.08,99.19
ResNet,Vanilla,8,0.0,99.08,99.08
ResNet,Vanilla,9,0.0,99.07000000000001,99.07000000000001
