Model,Adversary,N,Improvement,Start,Best
SSP,Vanilla,10,0.0,98.92999999999999,98.92999999999999
SSP,Vanilla,1,0.78,98.94,99.72
SSP,Vanilla,2,0.75,98.94,99.68
SSP,Vanilla,3,0.68,98.94,99.61
SSP,Vanilla,4,0.63,98.92,99.53999999999999
SSP,Vanilla,5,0.55,98.92,99.46000000000001
SSP,Vanilla,6,0.44,98.92,99.36
SSP,Vanilla,7,0.33,98.92999999999999,99.25
SSP,Vanilla,8,0.21,98.92999999999999,99.14
SSP,Vanilla,9,0.11,98.92,99.03999999999999
