Model,Adversary,N,Improvement,Start,Best
ResNet,PGD,10,0.33,89.32,89.61
ResNet,PGD,1,0.68,89.33,89.94
ResNet,PGD,2,0.56,89.33,89.84
ResNet,PGD,3,0.49,89.33,89.77000000000001
ResNet,PGD,4,0.51,89.33,89.78
ResNet,PGD,5,0.5,89.33,89.77000000000001
ResNet,PGD,6,0.49,89.32,89.75999999999999
ResNet,PGD,7,0.49,89.33,89.75999999999999
ResNet,PGD,8,0.53,89.32,89.8
ResNet,PGD,9,0.32,89.32,89.61
