Model,Adversary,N,Improvement,Start,Best
ResNet,FGSM,10,0.71,90.60000000000001,91.24
ResNet,FGSM,1,0.0,90.60000000000001,90.60000000000001
ResNet,FGSM,2,0.0,90.60000000000001,90.60000000000001
ResNet,FGSM,3,0.18,90.60000000000001,90.75999999999999
ResNet,FGSM,4,0.0,90.59,90.59
ResNet,FGSM,5,0.24,90.59,90.82000000000001
ResNet,FGSM,6,0.75,90.60000000000001,91.28
ResNet,FGSM,7,0.62,90.60000000000001,91.16
ResNet,FGSM,8,0.82,90.60000000000001,91.35
ResNet,FGSM,9,0.68,90.59,91.2
